{
  "project_info": {
    "project_number": "244979454253",
    "firebase_url": "https://masa-daily-default-rtdb.asia-southeast1.firebasedatabase.app",
    "project_id": "masa-daily",
    "storage_bucket": "masa-daily.appspot.com"
  },
  "client": [
    {
      "client_info": {
        "mobilesdk_app_id": "1:244979454253:android:c01d8c3c940c57616cc3a4",
        "android_client_info": {
          "package_name": "com.d17b.masa_daily"
        }
      },
      "oauth_client": [],
      "api_key": [
        {
          "current_key": "AIzaSyBbqxdWxr-SLaForfRFw1KEZaeHHpht-Ek"
        }
      ],
      "services": {
        "appinvite_service": {
          "other_platform_oauth_client": []
        }
      }
    }
  ],
  "configuration_version": "1"
}